id;company_name;contact_person;postal_code;email;phone_number;mobile_number;website_url;fax;status;last_modified;last_modified_by;reg_number;gstin;pan;tan
1;Isle;benchmark;Loan payment;Esther47@yahoo.com;drive withdrawal Frozen;override Account Handcrafted;matrix;schemas Electronics;Research Automotive explicit;2023-02-08T11:48:12;Automotive;Martinique Quality e-markets;Central standardization;Towels Tuna architecture;Philippines
2;CSS;Computer Hat;Southern middleware;Edna.Heathcote@hotmail.com;Concrete Synergized;Central Investment Extensions;Car;Bacon architectures;invoice Borders composite;2023-02-09T02:01:54;Shoes maroon;Gorgeous Fantastic;matrix Azerbaijanian plug-and-play;Montserrat redundant monetize;payment Glen
3;Borders Customizable;array transmit;RAM synthesize bypassing;Jessika_Gottlieb29@hotmail.com;Isle interface;Executive;Berkshire Toys;tan;product clicks-and-mortar Handcrafted;2023-02-09T02:35:35;Center District;Corporate network;Account;Refined paradigms program;Shirt
4;Tunisian green streamline;Tasty responsive;Generic content-based;Gretchen_Smitham@yahoo.com;Account;Granite;purple red;Focused;Row Fantastic Object-based;2023-02-08T22:54:08;Comoros Bedfordshire killer;input GB synergies;Gorgeous FTP;drive;cyan multi-byte transmitter
5;Up-sized;asynchronous;Integrated;Rosa41@yahoo.com;systems;generating Progressive;Metal Refined parsing;Administrator;Spain;2023-02-08T17:01:50;quantifying Sandwich hardware;Corners;Metal transmit foreground;Loaf mobile;Rubber Cotton Granite
6;Keyboard Object-based;Baby;Future Unbranded Granite;Yasmine_Miller@yahoo.com;Account bypassing;Account;Grocery Baby Fresh;drive quantify;Junctions;2023-02-09T01:16:11;Focused Cambridgeshire Oval;application Configuration Outdoors;Rubber Optional e-enable;cultivate Toys;Licensed plug-and-play copy
7;world-class;Architect;India JSON;Dorothea_Harris25@gmail.com;functionalities teal Computer;card;Associate;info-mediaries;Cambridgeshire;2023-02-08T09:10:37;Connecticut Assistant capability;incubate Pines payment;Account Garden Self-enabling;Australia;hacking analyzer
8;Function-based Frozen Computer;SMTP;Fork Montana deposit;Mohammad22@gmail.com;tolerance Corporate Tuna;wireless Tasty;Parks cross-media Ball;Guinea;East Hawaii orchestrate;2023-02-08T08:58:40;index Practical;Serbia Canyon override;parse;Ball hacking;models SCSI
9;generate;Shirt;Branding;Dana90@hotmail.com;schemas mobile redefine;Louisiana Pound systems;Chips;Persistent Mountains Loan;throughput Horizontal benchmark;2023-02-08T10:30:34;transmitting;Egypt;cross-platform;Markets;drive system Tasty
10;mesh indexing capability;invoice calculating;Summit Bedfordshire Chair;Oleta11@hotmail.com;yellow B2B;open-source;24/365 magenta Enterprise-wide;Ball;primary Loan;2023-02-08T09:01:28;Namibia;Lats;flexibility Investment;interactive Global;Buckinghamshire
