id;first_name;last_name;username;password;department;designation;gender;emp_unique_id;joindate;last_modified;last_modified_by;status;company_id;branch_id;region_id
1;Lola;Rogahn;Account Soft;port innovative;Dale Granite leading-edge;interfaces override;Small Indiana Sleek;alarm Switchable dot-com;2023-02-08T17:24:12;2023-02-08T19:44:36;cross-platform;Global;54645;31974;92208
2;Eriberto;Lehner;Granite;Connecticut infrastructures value-added;open-source;alarm;frictionless Accounts;Decentralized;2023-02-08T15:42:16;2023-02-08T05:52:52;interface;Identity;52145;65826;54588
3;Jadyn;Dickens;infrastructures Movies payment;Automated Electronics;North bluetooth Bike;functionalities;microchip;Secured;2023-02-09T03:50:02;2023-02-08T17:02:13;users;Home;5509;90533;32637
4;Asa;Cummerata;Profound Chair;Tuna;Ball Personal;Crest Corners Hungary;Malaysia invoice De-engineered;Integrated payment;2023-02-08T11:56:17;2023-02-09T02:32:14;Baby;Upgradable Unbranded;70290;88001;69056
5;Tomasa;Stehr;Grass-roots backing National;invoice Philippine;Computer Games bottom-line;bypassing infomediaries implementation;Salad;circuit eyeballs;2023-02-08T08:56:56;2023-02-08T23:31:48;Assimilated;Market Expanded;99417;90788;99968
6;Wiley;Ratke;Soft Switzerland Arkansas;Licensed;Ball;transform Pennsylvania;Agent quantifying;Hawaii;2023-02-09T04:19:29;2023-02-08T21:20:05;Jewelery Chips;HTTP needs-based;80885;24806;80827
7;Danika;Kutch;Movies Intranet;Inverse Germany;help-desk;attitude Rubber;Accounts feed;e-business PNG Refined;2023-02-08T22:26:09;2023-02-08T10:42:52;Fresh;Garden Syrian Mobility;11540;26860;71216
8;Geraldine;Lowe;cross-platform;Car Steel portals;Customer circuit;Montana fuchsia;Visionary;Wooden;2023-02-08T22:27:05;2023-02-08T12:34:42;redefine;Fantastic Loan;67365;83236;59727
9;Gerard;Upton;mobile;productize;Sleek;Chips payment Berkshire;Berkshire virtual Representative;Outdoors;2023-02-08T14:53:14;2023-02-08T19:25:33;Mayotte Implemented;holistic;4853;20054;88763
10;Yessenia;Lesch;Loan;Organized;XSS Square;Coordinator Regional;extensible;Intranet Product Rubber;2023-02-08T11:56:24;2023-02-08T19:50:17;Principal Architect pixel;incubate;89738;81540;61276
