id;name;date_of_birth;relation;address;last_modified;last_modified_by;status;employee_id;company_id
1;User;2023-02-08;Loan circuit;Bike Producer;2023-02-08T12:56:46;up collaboration;Implemented Flats;47052;37193
2;Metal supply-chains;2023-02-08;Industrial Granite Home;zero B2B Home;2023-02-08T08:38:48;Salad Manager protocol;collaborative yellow;86777;40638
3;Keyboard lavender;2023-02-08;Tactics Shoes Configuration;Island Lithuanian;2023-02-08T15:00:06;Facilitator;Refined grow Account;71880;49616
4;blue Diverse;2023-02-08;channels;strategic Steel SMTP;2023-02-08T16:05:45;Buckinghamshire;orange Usability Cotton;71800;19154
5;indigo;2023-02-08;Dollar Vision-oriented Personal;withdrawal;2023-02-08T05:26:13;Avon Steel;New;28974;36019
6;synthesize;2023-02-08;Mobility maroon Synergized;Planner Unbranded Junctions;2023-02-09T03:27:25;Account transmitter Corporate;Chair Market Tools;12574;49499
7;Borders parse fuchsia;2023-02-09;intranet Hat grey;Intelligent Sleek Agent;2023-02-08T05:14:14;override;sensor;13565;23431
8;array;2023-02-08;Guinea;Accountability bricks-and-clicks Delaware;2023-02-09T01:54:20;deposit Square;firewall;43217;35599
9;synthesize;2023-02-08;Minnesota moratorium;cyan;2023-02-09T00:43:55;logistical teal;Cyprus Hryvnia;84361;89292
10;auxiliary;2023-02-08;maximize compress;TCP;2023-02-08T22:17:35;Montana;Shoes AI;2879;63132
